{ 
  "WIDTH": 919.00000000, 
  "HEIGHT": 799.00000000, 
  "dx": 1.00000000, 
  "dy": 1.00000000, 
  "Courant_num": 0.20000000, 
  "NLSW_or_Bous": 1.00000000, 
  "base_depth": 15.00000000, 
  "g": 9.81000000, 
  "Theta": 2.00000000, 
  "friction": 0.00100000, 
  "isManning": 0.00000000, 
  "dissipation_threshold": 0.15000000, 
  "whiteWaterDecayRate": 0.10000000, 
  "timeScheme": 2.00000000, 
  "seaLevel": 0.00000000, 
  "Bcoef": 0.06666667, 
  "tridiag_solve": 2.00000000, 
  "west_boundary_type": 0.00000000, 
  "east_boundary_type": 0.00000000, 
  "south_boundary_type": 1.00000000, 
  "north_boundary_type": 2.00000000, 
  "significant_wave_height": 2.00000000 
} 
