{ 
  "WIDTH": 1487.00000000, 
  "HEIGHT": 717.00000000, 
  "dx": 3.00000000, 
  "dy": 3.00000000, 
  "Courant_num": 0.20000000, 
  "NLSW_or_Bous": 1.00000000, 
  "base_depth": 35.12332535, 
  "g": 9.81000000, 
  "Theta": 1.50000000, 
  "friction": 0.00100000, 
  "isManning": 0.00000000, 
  "dissipation_threshold": 0.30000000, 
  "whiteWaterDecayRate": 0.90000000, 
  "timeScheme": 2.00000000, 
  "seaLevel": 0.00000000, 
  "Bcoef": 0.06666667, 
  "tridiag_solve": 2.00000000, 
  "west_boundary_type": 2.00000000, 
  "east_boundary_type": 1.00000000, 
  "south_boundary_type": 2.00000000, 
  "north_boundary_type": 1.00000000, 
  "significant_wave_height": 4.00000000, 
  "lat_LL": 37.48408025, 
  "lon_LL": -122.51495062, 
  "lat_UR": 37.50617901, 
  "lon_UR": -122.46908642, 
  "GoogleMapOverlay": 1.00000000 
} 
