{ 
  "WIDTH": 904.00000000, 
  "HEIGHT": 1132.00000000, 
  "dx": 3.00000000, 
  "dy": 3.00000000, 
  "Courant_num": 0.20000000, 
  "NLSW_or_Bous": 1.00000000, 
  "base_depth": 16.67266006, 
  "g": 9.81000000, 
  "Theta": 2.00000000, 
  "friction": 0.00000000, 
  "isManning": 0.00000000, 
  "dissipation_threshold": 0.30000000, 
  "whiteWaterDecayRate": 0.90000000, 
  "timeScheme": 2.00000000, 
  "seaLevel": 0.00000000, 
  "Bcoef": 0.06666667, 
  "tridiag_solve": 2.00000000, 
  "west_boundary_type": 2.00000000, 
  "east_boundary_type": 0.00000000, 
  "south_boundary_type": 0.00000000, 
  "north_boundary_type": 0.00000000, 
  "significant_wave_height": 4.00000000, 
  "lat_LL": 34.23509258, 
  "lon_LL": -119.28490744, 
  "lat_UR": 34.26999999, 
  "lon_UR": -119.25703707, 
  "GoogleMapOverlay": 1.00000000 
} 
